Metric,Simple RAG,LQR RAG,Mod LQR RAG
classification_time,,3.718834703178929,3.796854820120401
decomposition_time,,0.7750645628595318,0.7774218077642141
generation_time,0.4025595586839465,3.1525483566020065,3.5267665557725754
retrieval_time,0.010020656339464883,1.0130966850719065,1.8883749681170565
total_time,0.4128029785,8.659544307638797,9.989418151732442
total_time_without_classification,,4.940709604463211,6.192563331642139
