Metric,Simple RAG,LQR RAG,Mod LQR RAG
classification_time,,3.7061436830841683,3.7862530934629257
decomposition_time,,0.9273878266492985,0.9301790254629259
generation_time,0.3987158754328657,3.171680170448898,3.6315738939839677
retrieval_time,0.00988390308016032,1.210125888775551,2.2576268230561123
total_time,0.4088212048537074,9.015337568947896,10.605632835911823
total_time_without_classification,,5.309193885863728,6.81937974248497
