Metric,Simple RAG,LQR RAG,Mod LQR RAG
classification_time,,2.6947279502124246,2.7098125451102204
decomposition_time,,1.2332929580661323,1.2397427014288578
generation_time,0.39845446388640565,0.7988941621482967,1.2268243963466934
retrieval_time,0.009882169807266524,1.1619613003406812,2.0748038812785574
total_time,0.408559479875241,5.888876370757515,7.251183524118237
total_time_without_classification,,3.1941484205450905,4.541370979008017
