Metric,Simple RAG,LQR RAG,Mod LQR RAG
classification_time,,2.710817523242475,2.7204863634414718
decomposition_time,,1.03069644429097,1.0366069150267558
generation_time,0.4023284677664439,0.7530927410735786,1.108003684501672
retrieval_time,0.010018753210703484,0.9723506352224082,1.7354577695953173
total_time,0.412571165561676,5.466957343847826,6.600554732533444
total_time_without_classification,,2.7561398206053513,3.880068369091973
