Metric,Simple RAG,LQR RAG,Mod LQR RAG
classification_time,,3.4899347487895795,5.7764177910440875
decomposition_time,,5.459755639026052,7.226446211935871
generation_time,6.886345758176353,2.0629404484849694,5.334305909018036
retrieval_time,0.056214150074148296,5.209255185985972,8.84823517903006
total_time,6.942635247663327,16.22188602236473,27.18540509104209
total_time_without_classification,,12.731951274006011,21.408987300521037
