Metric,Simple RAG,LQR RAG,Mod LQR RAG
classification_time,,3.4843230901438127,5.794625945344482
decomposition_time,,4.564813777347826,6.040382270829432
generation_time,6.88600025044816,2.004932307100334,5.1799831314866225
retrieval_time,0.05686848539297659,4.366313900018395,7.407531335180602
total_time,6.942944836494982,14.420383074662208,24.42252268294147
total_time_without_classification,,10.93605998487458,19.173776590181184
